category_id,category_name,channel_id,country,followers,join_date,location,picture_url,profile_url,title,trailer_title,trailer_url,videos
24,Entertainment,UC-lHJZR3Gqxm24_Vd_AJ5Yw,United States,69896406,40297,,https://yt3.ggpht.com/a-/AN66SAztY6oYWZnS1Cae9o4_msEE1H83Tld5cFtl3Q=s88-mo-c-c0xffffffff-rj-k-no,http://www.youtube.com/channel/UC-lHJZR3Gqxm24_Vd_AJ5Yw,PewDiePie,bitch lasagna,https://www.youtube.com/watch?v=6Dh-RL__uN4,3649
10,Music,UCq-Fj5jknLsUf-MWSy4_brA,India,69471946,38789,,https://yt3.ggpht.com/a-/AN66SAxPfKnfHAnAs0rOqaSwINOxDYJsyj-gPBP0OQ=s88-mo-c-c0xffffffff-rj-k-no,http://www.youtube.com/channel/UCq-Fj5jknLsUf-MWSy4_brA,T-Series,Guru Randhawa: GOLIMAAR Lyrical Video | Bhushan Kumar | Vee | T-Series,https://www.youtube.com/watch?v=nJ1f44JvlC8,12820
26,Howto & Style,UC295-Dw_tDNtZXFeAPAW6Aw,United States,40474509,42689,,https://yt3.ggpht.com/a-/AN66SAzCuCdsGXFCbf4rLBAhjeMMHFFysegG1-UhuA=s88-mo-c-c0xffffffff-rj-k-no,http://www.youtube.com/channel/UC295-Dw_tDNtZXFeAPAW6Aw,5-Minute Crafts,5-Minute Crafts compilation: This video is a treasure trove!,https://www.youtube.com/watch?v=YAjzcignrLU,2350
17,Sports,UCRijo3ddMTht_IHyNSNXpNQ,United States,36254032,39889,,https://yt3.ggpht.com/a-/AN66SAzyfBvNU5VU02qSkcq4Oh-UV9fi5WCoouFlLw=s88-mo-c-c0xffffffff-rj-k-no,http://www.youtube.com/channel/UCRijo3ddMTht_IHyNSNXpNQ,Dude Perfect,Grocery Store Stereotypes,https://www.youtube.com/watch?v=5LZ_G8jRGHg,191
10,Music,UC0C-w0YjGpqDXGB8IHb662A,Great-Britain,35343953,38937,,https://yt3.ggpht.com/a-/AN66SAyqXY_gRt8dzeInCeBYca1CG0lRpFlFMZTR=s88-mo-c-c0xffffffff-rj-k-no,http://www.youtube.com/channel/UC0C-w0YjGpqDXGB8IHb662A,Ed Sheeran,Drop4Drop x Ed Sheeran,https://www.youtube.com/watch?v=-Q_51g4rij4,122
24,Entertainment,UCpEhnqL0y41EpW2TvWAHD7Q,India,35129616,38980,,https://yt3.ggpht.com/a-/AN66SAwH72nrAc2TDpi5fAgNQomUZA0AUbSsDdGROQ=s88-mo-c-c0xffffffff-rj-k-no,http://www.youtube.com/channel/UCpEhnqL0y41EpW2TvWAHD7Q,SET India,"आपका स्वागत है मोनाली | एपिसोड 15 | 3 नवंबर, 2018 | कॉमेडी सर्कस | बेस्ट मोमेंट्स",https://www.youtube.com/watch?v=S2n__gI0Jsw,26985
24,Entertainment,UCp0hYYBW6IMayGgR-WeoCvQ,United States,29109479,39042,,https://yt3.ggpht.com/a-/AN66SAx8SlKLwMmVzpb98vzN_3NN7XAT-0AkAqMGbg=s88-mo-c-c0xffffffff-rj-k-no,http://www.youtube.com/channel/UCp0hYYBW6IMayGgR-WeoCvQ,TheEllenShow,Chrissy Teigen & Average Andy Go Through a Haunted House,https://www.youtube.com/watch?v=US9kiir_NqE,9426
24,Entertainment,UCcMTZY1rFXO3Rj44D5VMyiw,United States,12436269,38734,,https://yt3.ggpht.com/a-/AN66SAy5I5_a-Pa4CuY687qid-2KoLQd5x359wFqEg=s88-mo-c-c0xffffffff-rj-k-no,http://www.youtube.com/channel/UCcMTZY1rFXO3Rj44D5VMyiw,Machinima,Sonic For Hire - Paperboy,https://www.youtube.com/watch?v=pLV7CP95DhU,24216
24,Entertainment,UCGRtuAmEObNSmlOLDWzZfVg,México,14662894,40443,,https://yt3.ggpht.com/a-/AN66SAyyKUaHnZ1fKG58w-ir8qkvLwQ-qCjtmW5G=s88-mo-c-c0xffffffff-rj-k-no,http://www.youtube.com/channel/UCGRtuAmEObNSmlOLDWzZfVg,CaELiKe,QUE YOUTUBER ME GUSTARIA BESAR? / TAG DEL BESO,https://www.youtube.com/watch?v=0YrsNhSItBY,459
24,Entertainment,UC4PooiX37Pld1T8J5SYT-SQ,United States,14566058,39708,,https://yt3.ggpht.com/a-/AN66SAxg3VeE91fAKHS9810ftQw3VgMbnN7rzG9mhw=s88-mo-c-c0xffffffff-rj-k-no,http://www.youtube.com/channel/UC4PooiX37Pld1T8J5SYT-SQ,Good Mythical Morning,Blind Chicken Wing Taste Test,https://www.youtube.com/watch?v=MBPdKxlazD0,2124
23,Comedy,UCi9cDo6239RAzPpBZO9y5SA,United States,12342108,42266,,https://yt3.ggpht.com/a-/AN66SAykLBzK5ACebS6THfW1cCecZcaLdNjRLjVkJA=s88-mo-c-c0xffffffff-rj-k-no,http://www.youtube.com/channel/UCi9cDo6239RAzPpBZO9y5SA,Lele Pons,Lele Pons - Celoso | Live from Latin American Music Awards (2018),https://www.youtube.com/watch?v=2XTLQEaKPII,97
27,Education,UCcdwLMPsaU2ezNSJU1nFoBQ,United States,12341468,40891,,https://yt3.ggpht.com/a-/AN66SAwBYPfQHhqd7ku5C0Ojb3Z2xbRoTxWGlqsz2w=s88-mo-c-c0xffffffff-rj-k-no,http://www.youtube.com/channel/UCcdwLMPsaU2ezNSJU1nFoBQ,Pinkfong! Kids' Songs & Stories,Baby Shark | Animal Songs | PINKFONG Songs for Children,https://www.youtube.com/watch?v=XqZsoesa55w,1057
26,Howto & Style,UCR4s1DE9J4DHzZYXMltSMAg,Australia,12310750,40885,,https://yt3.ggpht.com/a-/AN66SAyPSF1_YS6kZ0b6havsNWAI77uEeGLel4PAew=s88-mo-c-c0xffffffff-rj-k-no,http://www.youtube.com/channel/UCR4s1DE9J4DHzZYXMltSMAg,HowToBasic,How To Build a Gaming PC,https://www.youtube.com/watch?v=PZl944T4x-U,484
24,Entertainment,UCk8GzjMOrta8yxDcKfylJYw,Ukraine,12293480,42136,,https://yt3.ggpht.com/a-/AN66SAzjrX9GXSHKeVxHyKdCVVtqDKvvQSroaNH8MQ=s88-mo-c-c0xffffffff-rj-k-no,http://www.youtube.com/channel/UCk8GzjMOrta8yxDcKfylJYw,✿ Kids Diana Show,Rain Rain Go Away Song with Diana's Family,https://www.youtube.com/watch?v=UVLFsHRBIKk,505
23,Comedy,UCfm4y4rHF5HGrSr-qbvOwOg,Canada,14455660,40480,,https://yt3.ggpht.com/a-/AN66SAwEg4okaLNU7HrU3RYz7ZN6umeOGQs1JYT7_A=s88-mo-c-c0xffffffff-rj-k-no,http://www.youtube.com/channel/UCfm4y4rHF5HGrSr-qbvOwOg,IISuperwomanII,Girl Talk As You Grow Up,https://www.youtube.com/watch?v=-5OfFk5c01o,756
23,Comedy,UCPDis9pjXuqyI7RYLJ-TTSA,United States,14269143,40729,,https://yt3.ggpht.com/a-/AN66SAynAHusjZ5LWkvdXQwfhutOmWbX-xgwopRs3A=s88-mo-c-c0xffffffff-rj-k-no,http://www.youtube.com/channel/UCPDis9pjXuqyI7RYLJ-TTSA,FailArmy,"There Was An Attempt, Then A Fail (March 2018) | FailArmy",https://www.youtube.com/watch?v=YCKI4FtezDk,700
24,Entertainment,UC_W0_Nv-3rxpWVvosddhrPw,España,11802696,41254,,https://yt3.ggpht.com/a-/AN66SAyVOZngmizIZVYq7BWtRPYWWk088j3f7SVojQ=s88-mo-c-c0xffffffff-rj-k-no,http://www.youtube.com/channel/UC_W0_Nv-3rxpWVvosddhrPw,Doggy Doggy Cartoons,SUPERHERO BABIES HALLOWEEN COSTUMES ❤ SUPERHERO PLAY DOH CARTOONS FOR KIDS,https://www.youtube.com/watch?v=kcHVPCwfky4,1121
10,Music,UCcvNYxWXR_5TjVK7cSCdW-g,India,11785355,40812,,https://yt3.ggpht.com/a-/AN66SAy57MPV-A9tlendpQt1d9d-xrImm7Jb9aZnug=s88-mo-c-c0xffffffff-rj-k-no,http://www.youtube.com/channel/UCcvNYxWXR_5TjVK7cSCdW-g,T-Series Apna Punjab,Pyar Nahi Ghatda: Sippy Gill Ft Hritiqa Chheber (Full Song) Desi Routz | Maninder Kailey,https://www.youtube.com/watch?v=LZkT6ZKa68k,3595
10,Music,UCyxbZF7_PK4nLiexj0kkCNg,United States,11659764,38632,,https://yt3.ggpht.com/a-/AN66SAyV5YQIDAvvir69XepdQ4Yg0z75rd6224IU4w=s88-mo-c-c0xffffffff-rj-k-no,http://www.youtube.com/channel/UCyxbZF7_PK4nLiexj0kkCNg,Romeo Santos,Romeo Santos - Centavito (Official Video),https://www.youtube.com/watch?v=RjMWh1vve6E,14
24,Entertainment,UCUK0HBIBWgM2c4vsPhkYY4w,United States,11619429,40405,,https://yt3.ggpht.com/a-/AN66SAyJ1vIb1d4ILPaZNZtVB7YD5KErfgnBMxpZYA=s88-mo-c-c0xffffffff-rj-k-no,http://www.youtube.com/channel/UCUK0HBIBWgM2c4vsPhkYY4w,The Slow Mo Guys,"Rainbow Paint on a Speaker - 12,500fps - The Slow Mo Guys",https://www.youtube.com/watch?v=4lm75v4Ndlg,228
10,Music,UCFFbwnve3yF62-tVXkTyHqg,India,26480206,41710,,https://yt3.ggpht.com/a-/AN66SAyBTirQtB9GQIEPJawe62WIvVSKWyJa6B7YMA=s88-mo-c-c0xffffffff-rj-k-no,http://www.youtube.com/channel/UCFFbwnve3yF62-tVXkTyHqg,Zee Music Company,"Dirty Girl Ft. Sunny Leone | Karishma Tanna | Enbee , Ikka Singh , Shivangi Bhayana",https://www.youtube.com/watch?v=kwM2ApskJy4,3583
22,People & Blogs,UCYLNGLIzMhRTi6ZOLjAPSmw,Colombia,23868570,38641,,https://yt3.ggpht.com/a-/AN66SAwA6yeEDAUG__enP91bZGCaHUhWw-SgOwMrEA=s88-mo-c-c0xffffffff-rj-k-no,http://www.youtube.com/channel/UCYLNGLIzMhRTi6ZOLjAPSmw,Shakira,Shakira - Nada (Official Video...,https://www.youtube.com/watch?v=UjX10jO-p3c,235
10,Music,UCaayLD9i5x4MmIoVZxXSv_g,India,13358271,40587,,https://yt3.ggpht.com/a-/AN66SAzpyOvigK0kNCEbeIDL1wb9K8A4gZviHmp1aA=s88-mo-c-c0xffffffff-rj-k-no,http://www.youtube.com/channel/UCaayLD9i5x4MmIoVZxXSv_g,T-Series Bhakti Sagar,"शनिवार Special भजन: बजरंग बाण,शनि अमृतवाणी,Bajrang Baan, Shani Amritwani,HARIHARAN,ANURADHA PAUDWAL",https://www.youtube.com/watch?v=ZmOIPOSJAys,19738
24,Entertainment,UCjtLOfx1yt1NlnFIDyAX3Ug,Great-Britain,13327230,41116,,https://yt3.ggpht.com/a-/AN66SAz2dmNSjz2vaQQnK3PlIGF0KCHr6I6LhK9vFw=s88-mo-c-c0xffffffff-rj-k-no,http://www.youtube.com/channel/UCjtLOfx1yt1NlnFIDyAX3Ug,W2S,THE MOST LEGENDARY FIFA 19 PACK OPENING IN HISTORY,https://www.youtube.com/watch?v=M8tqhDCdPfs,642
23,Comedy,UCxSz6JVYmzVhtkraHWZC7HQ,United States,16277486,41519,,https://yt3.ggpht.com/a-/AN66SAyLvWcxii9b2TC3Q4MazXDiy_1cFLWvWdA7eg=s88-mo-c-c0xffffffff-rj-k-no,http://www.youtube.com/channel/UCxSz6JVYmzVhtkraHWZC7HQ,Liza Koshy,Pilot - Liza on Demand (Ep 1),https://www.youtube.com/watch?v=5aqlLkrCWvA,148
1,Film and Animation,UC3gNmTGu-TTbFPpfSs5kNkg,United States,19415744,38835,,https://yt3.ggpht.com/a-/AN66SAw3dLdOWmdof9KzBWdm3bgzb0ls_jR_VSvVxQ=s88-mo-c-c0xffffffff-rj-k-no,http://www.youtube.com/channel/UC3gNmTGu-TTbFPpfSs5kNkg,Movieclips,How to Survive a Horror Movie | Movieclips,https://www.youtube.com/watch?v=QQCv4rxlHVg,30768
10,Music,UC_aEa8K-EOJ3D6gOs7HcyNg,Great-Britain,19243505,40769,,https://yt3.ggpht.com/a-/AN66SAyuj-UVQlZkaTJxbqDCLcxrsFiP9-aeZwTOQw=s88-mo-c-c0xffffffff-rj-k-no,http://www.youtube.com/channel/UC_aEa8K-EOJ3D6gOs7HcyNg,NoCopyrightSounds,Diamond Eyes - Flutter [NCS Release],https://www.youtube.com/watch?v=lEHM9HZf0IA,547
27,Education,UCLsooMJoIpl_7ux2jvdPB-Q,Canada,12287301,38968,,https://yt3.ggpht.com/a-/AN66SAwnh1fj3hc-5WqYw-tAZO_t2j4rCbtQ4qgRsA=s88-mo-c-c0xffffffff-rj-k-no,http://www.youtube.com/channel/UCLsooMJoIpl_7ux2jvdPB-Q,Super Simple Songs - Kids Songs,Baby Shark | + More Kids Songs | Super Simple Songs,https://www.youtube.com/watch?v=8ljHzljQrY8,441
24,Entertainment,UCF1JIbMUs6uqoZEY1Haw0GQ,India,12265658,39326,,https://yt3.ggpht.com/a-/AN66SAwOXzXdtSnGwxldfL1PQuEo7DS4kfSL-1rk=s88-mo-c-c0xffffffff-rj-k-no,http://www.youtube.com/channel/UCF1JIbMUs6uqoZEY1Haw0GQ,Shemaroo,Shahrukh Khan love for Divya Bharti - Romantic Scene - Deewana - 90's Best Hindi Movie,https://www.youtube.com/watch?v=4G1_uiNT-Xg,6474
10,Music,UCJrDMFOdv1I2k8n9oK_V21w,India,12248384,39224,,https://yt3.ggpht.com/a-/AN66SAyd6jRlXbV2rRYGfiY_XKRUUWrRaIwibMRfjA=s88-mo-c-c0xffffffff-rj-k-no,http://www.youtube.com/channel/UCJrDMFOdv1I2k8n9oK_V21w,Tips Official,"Yeh Dil Deewana Lyrical Video- Pardes |  Sonu Nigam, Hema Sardesai & Shankar Mahadevan",https://www.youtube.com/watch?v=53l2DkivxJs,2398
10,Music,UC4NALVCmcmL5ntpV0thoH6w,United States,12199918,41856,,https://yt3.ggpht.com/a-/AN66SAwX1lZoeRbDSFBgjExB4CQetCkjRKXhteVgeQ=s88-mo-c-c0xffffffff-rj-k-no,http://www.youtube.com/channel/UC4NALVCmcmL5ntpV0thoH6w,LooLoo Kids - Nursery Rhymes and Children's Songs,Channel Trailer l Nursery Rhymes and Songs for Children l LooLookids,https://www.youtube.com/watch?v=7iUsovk4J6M,538
10,Music,UCMJ5Qf3sOvQpcYiai1Noa3Q,Jamaica,11562504,39933,,https://yt3.ggpht.com/a-/AN66SAzcoOzdw-wrzHLTpqjfNPbawd4z-Pb3kQkEcQ=s88-mo-c-c0xffffffff-rj-k-no,http://www.youtube.com/channel/UCMJ5Qf3sOvQpcYiai1Noa3Q,Major Lazer,Major Lazer - Blow That Smoke (Feat. Tove Lo) (Official Music Video),https://www.youtube.com/watch?v=b63IPrrdPOU,221
24,Entertainment,UC_vcKmg67vjMP7ciLnSxSHQ,India,11534732,41206,,https://yt3.ggpht.com/a-/AN66SAyIZkLmn0Y2sgVswXAh7QJcN670rUSWdKtuoA=s88-mo-c-c0xffffffff-rj-k-no,http://www.youtube.com/channel/UC_vcKmg67vjMP7ciLnSxSHQ,Amit Bhadana,Maa Pitaji Aur Beta - Amit Bhadana,https://www.youtube.com/watch?v=EyPXz6hKa_s,53
10,Music,UC65afEgL62PGFWXY7n6CUbA,Nederland,11471812,41194,,https://yt3.ggpht.com/a-/AN66SAw6p-jtuu-09xHNiOotvr7sewcTrJxbf9WlbA=s88-mo-c-c0xffffffff-rj-k-no,http://www.youtube.com/channel/UC65afEgL62PGFWXY7n6CUbA,Trap City,JayKode - Living Out Loud (ft. Karra) [Official Lyric Video],https://www.youtube.com/watch?v=mzvOn3bMXV0,1507
20,Gaming,UCKqH_9mk1waLgBiL2vT5b9g,Canada,23836130,40801,,https://yt3.ggpht.com/a-/AN66SAz62Bb80XyoL-84FII_P-v-Bae-NHPxUmuRvg=s88-mo-c-c0xffffffff-rj-k-no,http://www.youtube.com/channel/UCKqH_9mk1waLgBiL2vT5b9g,VanossGaming,Vanoss Gaming Animated: Team 6 - Vegas! (Episode 2),https://www.youtube.com/watch?v=nZ6kL8oG7fM,891
23,Comedy,UCY30JRSgfhYXA6i6xX1erWg,United States,23654643,38675,,https://yt3.ggpht.com/a-/AN66SAxqqiXHbh3YGTH4yymsYmpQTXgEbX-tw0fboA=s88-mo-c-c0xffffffff-rj-k-no,http://www.youtube.com/channel/UCY30JRSgfhYXA6i6xX1erWg,Smosh,CHRIS PRATT is on our Game Sho...,https://www.youtube.com/watch?v=Gv1xjf8BUrY,1020
10,Music,UCpDJl2EmP7Oh90Vylx0dZtA,México,23627650,39275,,https://yt3.ggpht.com/a-/AN66SAyoIjWs4jtPXX4_9COrKskW8uXOgIVk5KFXfQ=s88-mo-c-c0xffffffff-rj-k-no,http://www.youtube.com/channel/UCpDJl2EmP7Oh90Vylx0dZtA,Spinnin' Records,Ku De Ta x Joe Stone - What You Do (feat. Sylvia Mwenze) [Official Music Video],https://www.youtube.com/watch?v=6cWBtAy0grM,8580
10,Music,UCa10nxShhzNrCE1o2ZOPztg,United States,23488832,41175,,https://yt3.ggpht.com/a-/AN66SAwNTMILoHWye7Pb3H75OJWK63WdzTmOqnpWBw=s88-mo-c-c0xffffffff-rj-k-no,http://www.youtube.com/channel/UCa10nxShhzNrCE1o2ZOPztg,Trap Nation,MagnusTheMagnus - Subaru,https://www.youtube.com/watch?v=YOltErhWWYA,1510
23,Comedy,UCPDXXXJj9nax0fr0Wfc048g,United States,13309901,38999,,https://yt3.ggpht.com/a-/AN66SAwrKBdWW8mHT2bwOGW25kY2w6XIAANNKNtALQ=s88-mo-c-c0xffffffff-rj-k-no,http://www.youtube.com/channel/UCPDXXXJj9nax0fr0Wfc048g,CollegeHumor,The Internet Goes Trick-or-Treating,https://www.youtube.com/watch?v=dl93NFPVkNE,3228
24,Entertainment,UCa6vGFO9ty8v5KZJXQxdhaw,United States,13248671,38980,,https://yt3.ggpht.com/a-/AN66SAwbWWnjaAdGT0ACD7vqM2PnqaGkqxmYmSIpYA=s88-mo-c-c0xffffffff-rj-k-no,http://www.youtube.com/channel/UCa6vGFO9ty8v5KZJXQxdhaw,Jimmy Kimmel Live,YouTube Challenge - I Told My Kids I Ate All Their Halloween Candy 2018,https://www.youtube.com/watch?v=aPNMZLcLc2w,3620
24,Entertainment,UC6-F5tO8uklgE9Zy8IvbdFw,India,13221860,39298,,https://yt3.ggpht.com/a-/AN66SAz9G2zrQwHflVgrlCXlFNAnAaGkQjuu3C9-nQ=s88-mo-c-c0xffffffff-rj-k-no,http://www.youtube.com/channel/UC6-F5tO8uklgE9Zy8IvbdFw,SAB TV,"Aladdin  -  अलादीन - Ep 56 - 2nd November, 2018",https://www.youtube.com/watch?v=kqa4sRRlBPY,20350
24,Entertainment,UCzVIrPfZBE-XkBISBybMBLA,México,16190375,39141,,https://yt3.ggpht.com/a-/AN66SAyZRH7XWRfY8QQQS4M-GcCDVOt8WHHdZwKoWw=s88-mo-c-c0xffffffff-rj-k-no,http://www.youtube.com/channel/UCzVIrPfZBE-XkBISBybMBLA,Werevertumorro,WEREVERTUMORRO - SUSCRÍBETE ◀︎▶︎WEREVERTUMORRO◀︎▶︎,https://www.youtube.com/watch?v=dfjD1C2d9jk,1037
10,Music,UC56gTxNs4f9xZ7Pa2i5xNzg,India,19184375,40058,,https://yt3.ggpht.com/a-/AN66SAyAJzUwpG9cAHEZkyD8_HrGBcIT-ONiWHsDxA=s88-mo-c-c0xffffffff-rj-k-no,http://www.youtube.com/channel/UC56gTxNs4f9xZ7Pa2i5xNzg,Sony Music India,"Diplo, MØ & Vishal Dadlani - Stay Open - (Khullam Khulla) | Official Music Video – India",https://www.youtube.com/watch?v=D5mximP_9qI,2309
24,Entertainment,UCaWd5_7JhbQBe4dknZhsHJg,Canada,19169156,39107,,https://yt3.ggpht.com/a-/AN66SAwfyFO8ydPFL7Ek9wR9KkJd-VbhIywsDChU8w=s88-mo-c-c0xffffffff-rj-k-no,http://www.youtube.com/channel/UCaWd5_7JhbQBe4dknZhsHJg,WatchMojo.com,Another Top 10 Foods That Can Kill You,https://www.youtube.com/watch?v=z3RHPEJscBg,15757
10,Music,UCJrOtniJ0-NWz37R30urifQ,Norway,19023348,41146,,https://yt3.ggpht.com/a-/AN66SAyCaY2F0w85QcQDiiu7y_0Tuu_yAR3ni-anew=s88-mo-c-c0xffffffff-rj-k-no,http://www.youtube.com/channel/UCJrOtniJ0-NWz37R30urifQ,Alan Walker,Alan Walker - Diamond Heart (feat. Sophia Somajo),https://www.youtube.com/watch?v=sJXZ9Dok7u8,153
24,Entertainment,UCMNmwqCtCSpftrbvR3KkHDA,United States,12195952,38916,,https://yt3.ggpht.com/a-/AN66SAyptCrQxUVnx-h5__BAq_5ADnxJJ1otPdtxqA=s88-mo-c-c0xffffffff-rj-k-no,http://www.youtube.com/channel/UCMNmwqCtCSpftrbvR3KkHDA,Guava Juice,Animate My Life | Guava Juice,https://www.youtube.com/watch?v=E-JXISEJyjE,1202
24,Entertainment,UCw8ZhLPdQ0u_Y-TLKd61hGA,"Korea, Republic of",12189327,42041,,https://yt3.ggpht.com/a-/AN66SAxBS9urQiG-iUst5MzeKUa0tHEzpV5AjlMX3w=s88-mo-c-c0xffffffff-rj-k-no,http://www.youtube.com/channel/UCw8ZhLPdQ0u_Y-TLKd61hGA,1MILLION Dance Studio,1MILLION X LG XBOOMGo / Junsun Yoo Choreography,https://www.youtube.com/watch?v=MoCDcWG9USE,1288
10,Music,UCmBA_wu8xGg1OfOkfW13Q0Q,Puerto Rico,14006424,41799,,https://yt3.ggpht.com/a-/AN66SAz8BewI25wfP33iixvrkaYTa_KzIdd2dQ8YCg=s88-mo-c-c0xffffffff-rj-k-no,http://www.youtube.com/channel/UCmBA_wu8xGg1OfOkfW13Q0Q,Bad Bunny,Bad Bunny feat. Drake - Mia ( Video Oficial ),https://www.youtube.com/watch?v=OSUxrSe5GbI,12
10,Music,UCweOkPb1wVVH0Q0Tlj4a5Pw,"Korea, Republic of",13860008,40574,,https://yt3.ggpht.com/a-/AN66SAzSMshl-zan1gEeXGXtdkJUzYpPgNQsTcTijQ=s88-mo-c-c0xffffffff-rj-k-no,http://www.youtube.com/channel/UCweOkPb1wVVH0Q0Tlj4a5Pw,1theK (원더케이),Ep 1 Into the New World | Top Management,https://www.youtube.com/watch?v=SYWpF_w6azc,13600
24,Entertainment,UC55IWqFLDH1Xp7iu1_xknRA,India,13858814,39612,,https://yt3.ggpht.com/a-/AN66SAxn-5teIWOuUwV5jyRYZ3yS21UKCyB9IKdR=s88-mo-c-c0xffffffff-rj-k-no,http://www.youtube.com/channel/UC55IWqFLDH1Xp7iu1_xknRA,Colors TV,Bigg Boss Season 12 - Day  47 - 2nd November 2018 - बिग बॉस,https://www.youtube.com/watch?v=mqQqfMrCbc0,25137
24,Entertainment,UC6nSFpj9HTCZ5t-N3Rm3-HA,Great-Britain,13795388,39293,,https://yt3.ggpht.com/a-/AN66SAxaPffohXJhUTae60ZD73m_JuT9p8SvyyjqLA=s88-mo-c-c0xffffffff-rj-k-no,http://www.youtube.com/channel/UC6nSFpj9HTCZ5t-N3Rm3-HA,Vsauce,The Greater Good - Mind Field S2 (Ep 1),https://www.youtube.com/watch?v=1sl5KJ69qiA,370
10,Music,UC9TO_oo4c_LrOiKNaY6aysA,Puerto Rico,17285547,40679,,https://yt3.ggpht.com/a-/AN66SAypgd2Y5ATQhmMQijmwI0fN5kxbuhVEl0tmAA=s88-mo-c-c0xffffffff-rj-k-no,http://www.youtube.com/channel/UC9TO_oo4c_LrOiKNaY6aysA,Daddy Yankee,Dura - Daddy Yankee (Video Oficial),https://www.youtube.com/watch?v=sGIm0-dQd8M,324
24,Entertainment,UChGJGhZ9SOOHvBB0Y4DOO_w,United States,17001095,42080,,https://yt3.ggpht.com/a-/AN66SAyDUY307LenFxirlBethAFqi5hj-CosYYOXiA=s88-mo-c-c0xffffffff-rj-k-no,http://www.youtube.com/channel/UChGJGhZ9SOOHvBB0Y4DOO_w,Ryan ToysReview,Ryan Toy Hunt for his own toys Ryan's World at Walmart!!!,https://www.youtube.com/watch?v=0_8VwSlyxuA,1199
10,Music,UCOsyDsO5tIt-VZ1iwjdQmew,India,16996192,41235,,https://yt3.ggpht.com/a-/AN66SAyCpPpD3rEPLQNGvzV9Fo_1huVwdTDg7W8qlA=s88-mo-c-c0xffffffff-rj-k-no,http://www.youtube.com/channel/UCOsyDsO5tIt-VZ1iwjdQmew,Speed Records,Note Muqabla (Official Video) | Goldy Desi Crew ft Gurlej Akhtar | Sara Gurpal | Latest Songs 2018,https://www.youtube.com/watch?v=J5PzJKX15p8,5957
10,Music,UClVrJwcIy7saPcGc1nct80A,United States,11369240,38877,,https://yt3.ggpht.com/a-/AN66SAy1b8_zzqiwutD6PPaxxQSKlAs8H4Z0InrzmQ=s88-mo-c-c0xffffffff-rj-k-no,http://www.youtube.com/channel/UClVrJwcIy7saPcGc1nct80A,Fueled By Ramen,Basement: Be Here Now [OFFICIAL VIDEO],https://www.youtube.com/watch?v=3ghl-OBKK-0,1149
24,Entertainment,UCUtZaxDF3hD5VK4xRYFBePQ,Great-Britain,11313364,39550,,https://yt3.ggpht.com/a-/AN66SAwYyuFb_1VXSW0kJybG77u0O3lNpNj7_c8Vbg=s88-mo-c-c0xffffffff-rj-k-no,http://www.youtube.com/channel/UCUtZaxDF3hD5VK4xRYFBePQ,Britain's Got Talent,My #BGT Story: Lost Voice Guy | Britain's Got Talent 2018,https://www.youtube.com/watch?v=DTCrfyW_ZH4,2154
20,Gaming,UC7_YxT-KID8kRbqZo7MyscQ,United States,22199119,41055,,https://yt3.ggpht.com/a-/AN66SAxYMRIkEgwbQbJsJA3CzDi9qjTqoJAwyEeQUg=s88-mo-c-c0xffffffff-rj-k-no,http://www.youtube.com/channel/UC7_YxT-KID8kRbqZo7MyscQ,Markiplier,Markiplier Animated | GETTING OVER IT,https://www.youtube.com/watch?v=hj6tyG0DZWo,4249
10,Music,UCEdvpU2pFRCVqU6yIPyTpMQ,United States,21981819,42100,,https://yt3.ggpht.com/a-/AN66SAwLNo0RLq3jq90lBhPSmAqWOBOz-1iFQHbcIw=s88-mo-c-c0xffffffff-rj-k-no,http://www.youtube.com/channel/UCEdvpU2pFRCVqU6yIPyTpMQ,Marshmello,Marshmello ft. Bastille - Happier (Official Music Video),https://www.youtube.com/watch?v=QGtPHnCBH3w,217
10,Music,UCDPM_n1atn2ijUwHd0NNRQw,Great-Britain,13163875,40181,,https://yt3.ggpht.com/a-/AN66SAxnXk7jOju5F0XO2cLUUqJvqZ6U-TS-BelEcw=s88-mo-c-c0xffffffff-rj-k-no,http://www.youtube.com/channel/UCDPM_n1atn2ijUwHd0NNRQw,Coldplay,Believe In Love,https://www.youtube.com/watch?v=Lhzu6bQxFo4,205
10,Music,UCZU9T1ceaOgwfLRq7OKFU4Q,United States,12929832,39049,,https://yt3.ggpht.com/a-/AN66SAxkcH6esc89XoKEJ_aM5ZdFK8AYGfZikeq83w=s88-mo-c-c0xffffffff-rj-k-no,http://www.youtube.com/channel/UCZU9T1ceaOgwfLRq7OKFU4Q,Linkin Park,Sharp Edges (One More Light Live) - Linkin Park,https://www.youtube.com/watch?v=4W_YgNW7gs0,491
24,Entertainment,UC48h7Dst_hX82HxOf3xJw_w,Thailand,12912060,41788,,https://yt3.ggpht.com/a-/AN66SAxfq5TPDJHFffi4eNIbUnFs_6ZGTbr9xSoIFg=s88-mo-c-c0xffffffff-rj-k-no,http://www.youtube.com/channel/UC48h7Dst_hX82HxOf3xJw_w,Ch3Thailand,มีเพียงรัก ตอนต่อไป EP.7 | 04-11-61 | Ch3Thailand,https://www.youtube.com/watch?v=T-U75MuX1qQ,53139
1,Film and Animation,UCi8e0iOVk1fEOogdfu4YgfA,United States,12904718,40634,,https://yt3.ggpht.com/a-/AN66SAznzBqwbwFaboR_a07f9ZsxM8ukw-tpUpm0=s88-mo-c-c0xffffffff-rj-k-no,http://www.youtube.com/channel/UCi8e0iOVk1fEOogdfu4YgfA,Movieclips Trailers,"In Theaters Now: Bohemian Rhapsody, Nobody's Fool, The Nutcracker and the Four Realms",https://www.youtube.com/watch?v=2xhtW-VnsG0,7617
20,Gaming,UCYVinkwSX7szARULgYpvhLw,Great-Britain,15453332,38973,,https://yt3.ggpht.com/a-/AN66SAy2IhiPfgAbTUb9RhEARl8EpjXtXUjBa1Ya_A=s88-mo-c-c0xffffffff-rj-k-no,http://www.youtube.com/channel/UCYVinkwSX7szARULgYpvhLw,Ali-A,Fortnite's BIGGEST change EVER...,https://www.youtube.com/watch?v=meA5-S9NFCw,2981
1,Film and Animation,UCbTLwN10NoCU4WDzLf1JMOA,India,15304521,38875,,https://yt3.ggpht.com/a-/AN66SAwjEkl0sYFCQqksWjv2T9t6rRKLHRnncSydLA=s88-mo-c-c0xffffffff-rj-k-no,http://www.youtube.com/channel/UCbTLwN10NoCU4WDzLf1JMOA,YRF,"Manzoor-e-Khuda Song Teaser | Thugs Of Hindostan | Aamir, Katrina, Fatima, Ajay-Atul, A Bhattacharya",https://www.youtube.com/watch?v=J12hDaRPNgg,3636
23,Comedy,UC8-Th83bH_thdKZDJCrn88g,United States,18806569,38725,,https://yt3.ggpht.com/a-/AN66SAwLglz2XjTu1lxjYAF3LUnYHGe2atZMlmLFug=s88-mo-c-c0xffffffff-rj-k-no,http://www.youtube.com/channel/UC8-Th83bH_thdKZDJCrn88g,The Tonight Show Starring Jimmy Fallon,BTS and Jimmy Fallon Do the Fortnite Dance Challenge,https://www.youtube.com/watch?v=x5HUs5IxFc0,4765
24,Entertainment,UCdxi8d8qRsRyUi2ERYjYb-w,United States,12102200,41659,,https://yt3.ggpht.com/a-/AN66SAz7MB-Sry1tMUfR6xTMkprDRDn1_Okt5w77qQ=s88-mo-c-c0xffffffff-rj-k-no,http://www.youtube.com/channel/UCdxi8d8qRsRyUi2ERYjYb-w,TheRichest,Don't EVER Cross These Bridges! They Are The Most Dangerous In The World,https://www.youtube.com/watch?v=2uLUON3NaCU,2616
27,Education,UCKAqou7V9FAWXpZd9xtOg3Q,United States,16857674,40716,,https://yt3.ggpht.com/a-/AN66SAzz-DDLn9qQ1a0T3pu0eN8tK75UvGEegWlHSA=s88-mo-c-c0xffffffff-rj-k-no,http://www.youtube.com/channel/UCKAqou7V9FAWXpZd9xtOg3Q,Little Baby Bum - Nursery Rhymes & Kids Songs,Spooky Halloween Compilation Part 3 | ALL Halloween Special +More Nursery Rhymes | Little Baby Bum,https://www.youtube.com/watch?v=3UYJ0MY1l1o,731
10,Music,UCpb_iJuhFe8V6rQdbNqfAlQ,Puerto Rico,16748267,40918,,https://yt3.ggpht.com/a-/AN66SAx-nM8OejdXX1vq5fixxzge-rQ1NJo928bnyA=s88-mo-c-c0xffffffff-rj-k-no,http://www.youtube.com/channel/UCpb_iJuhFe8V6rQdbNqfAlQ,NickyJamTV,Jaleo - Nicky Jam X Steve Aoki...,https://www.youtube.com/watch?v=CIK5ZxzDLkA,216
10,Music,UCP6uH_XlsxrXwZQ4DlqbqPg,India,16739335,40340,,https://yt3.ggpht.com/a-/AN66SAzlB6-REZiGWrt-zoweouvl4sPDT6RgkQMKIQ=s88-mo-c-c0xffffffff-rj-k-no,http://www.youtube.com/channel/UCP6uH_XlsxrXwZQ4DlqbqPg,Shemaroo Filmi Gaane,Friday Rewind with RJ Adaa | Romance 90's Ishtyle | 90's Romantic Love Songs | #FridayRewind,https://www.youtube.com/watch?v=5NZTQW_5V1M,5287
10,Music,UCEf_Bc-KVd7onSeifS3py9g,"Korea, Republic of",16735124,38794,,https://yt3.ggpht.com/a-/AN66SAzo7CGe3bfDPGRX7UbrmVjsDqGRutnWLzNY4Q=s88-mo-c-c0xffffffff-rj-k-no,http://www.youtube.com/channel/UCEf_Bc-KVd7onSeifS3py9g,SMTOWN,EXO 엑소 'Tempo' MV,https://www.youtube.com/watch?v=iwd8N6K-sLk,3425
20,Gaming,UCo_IB5145EVNcf8hw1Kku7w,United States,11297669,40047,,https://yt3.ggpht.com/a-/AN66SAz1iKnttKMmmOcRCcKhBClQ9eFOUACqgda8ig=s88-mo-c-c0xffffffff-rj-k-no,http://www.youtube.com/channel/UCo_IB5145EVNcf8hw1Kku7w,The Game Theorists,Game Theory: How RICH is a Pokemon Master?,https://www.youtube.com/watch?v=ZhEz1cvC1rc,477
24,Entertainment,UCNdqe5zJ6k-i7XKoYWA4Z2g,United States,11258182,38742,,https://yt3.ggpht.com/a-/AN66SAz_d-fn0sr6Sg5_HsI4SumXHws8T25l3Gnfvw=s88-mo-c-c0xffffffff-rj-k-no,http://www.youtube.com/channel/UCNdqe5zJ6k-i7XKoYWA4Z2g,Wassabi,BOUGHT MY PARENTS A MANSION! *emotional*,https://www.youtube.com/watch?v=p-305IQw6-I,836
26,Howto & Style,UCkvK_5omS-42Ovgah8KRKtg,United States,11246841,38762,,https://yt3.ggpht.com/a-/AN66SAzTsfrS4VVuH-0IBkVGd-Mursbr-dcJs9xjHA=s88-mo-c-c0xffffffff-rj-k-no,http://www.youtube.com/channel/UCkvK_5omS-42Ovgah8KRKtg,jeffreestar,WE GOT A NEW LAMBORGHINI URUS SUV! | Jeffree Star,https://www.youtube.com/watch?v=tctYCIRiQ6g,306
10,Music,UCyC_4jvPzLiSkJkLIkA7B8g,United States,11195524,39222,,https://yt3.ggpht.com/a-/AN66SAzaS3A4KC0rj3_Uts3gOsewB2kVbLaoV2Pv=s88-mo-c-c0xffffffff-rj-k-no,http://www.youtube.com/channel/UCyC_4jvPzLiSkJkLIkA7B8g,Lindsey Stirling,I Wonder As I Wander - Lindsey Stirling,https://www.youtube.com/watch?v=4rR8jc6EPQM,111
26,Howto & Style,UCzTKskwIc_-a0cGvCXA848Q,Nederland,11187862,39622,,https://yt3.ggpht.com/a-/AN66SAwc-flkrncKRVBdlu-itGpTwAPtRQajjR9RwA=s88-mo-c-c0xffffffff-rj-k-no,http://www.youtube.com/channel/UCzTKskwIc_-a0cGvCXA848Q,NikkieTutorials,I WORE MAKEUP FOR 24 HOURS!!! ...this is what happened!,https://www.youtube.com/watch?v=9fp3aVJW8hY,687
24,Entertainment,UCppHT7SZKKvar4Oc9J4oljQ,India,21013446,38697,,https://yt3.ggpht.com/a-/AN66SAzlzedGf9KUl7c1agPRSFFEAfAh_5yHeFGEXQ=s88-mo-c-c0xffffffff-rj-k-no,http://www.youtube.com/channel/UCppHT7SZKKvar4Oc9J4oljQ,Zee TV,Manmohini - Coming Soon on Zee TV,https://www.youtube.com/watch?v=HgaIAGPlKDs,56864
27,Education,UCBnZ16ahKA2DZ_T5W0FPUXg,India,20742541,41314,,https://yt3.ggpht.com/a-/AN66SAyzIaXfE1Sew6VlPbYDwJ3Czqi0Xtzj9Qz6Ig=s88-mo-c-c0xffffffff-rj-k-no,http://www.youtube.com/channel/UCBnZ16ahKA2DZ_T5W0FPUXg,ChuChu TV Nursery Rhymes & Kids Songs,Download ChuChu TV Pro Learning App for Kids and Watch All Videos AD-Free with Activity and Games!,https://www.youtube.com/watch?v=atYVBCl54Io,268
20,Gaming,UCYzPXprvl5Y-Sf0g4vX-m6g,Ireland,20694142,39137,,https://yt3.ggpht.com/a-/AN66SAyPxjZ4T-QxXiQgBqDeNU89RtdjsSTNpn4MEQ=s88-mo-c-c0xffffffff-rj-k-no,http://www.youtube.com/channel/UCYzPXprvl5Y-Sf0g4vX-m6g,jacksepticeye,Positive Mental Attitude!,https://www.youtube.com/watch?v=R4LFJBtfBNk,3934
20,Gaming,UCS5Oz6CHmeoF7vSad0qqXfw,Great-Britain,20582449,41104,,https://yt3.ggpht.com/a-/AN66SAwHObZ1-i3EnGAs3FW55oyKL54BtnV-7LXj2Q=s88-mo-c-c0xffffffff-rj-k-no,http://www.youtube.com/channel/UCS5Oz6CHmeoF7vSad0qqXfw,DanTDM,Save The Show  - DanTDM Creates a Big Scene (Ep 1),https://www.youtube.com/watch?v=zKk_FIfOIyY,2957
24,Entertainment,UCKqx9r4mrFglauNBJc1L_eg,United States,20084868,41772,,https://yt3.ggpht.com/a-/AN66SAwdQYuq0fummNBVgrmmIchWYRw4MgXSF9qyAA=s88-mo-c-c0xffffffff-rj-k-no,http://www.youtube.com/channel/UCKqx9r4mrFglauNBJc1L_eg,[토이푸딩] ToyPudding TV,Baby doll and Play doh Ice cream car Baby Doli kitchen play,https://www.youtube.com/watch?v=4wkIlNcDjEc,2302
24,Entertainment,UCpB959t8iPrxQWj7G6n0ctQ,United States,12760008,41294,,https://yt3.ggpht.com/a-/AN66SAzE7b8cRF09GFC_KEYxXqFEL_HqfQXkbmdP-g=s88-mo-c-c0xffffffff-rj-k-no,http://www.youtube.com/channel/UCpB959t8iPrxQWj7G6n0ctQ,SSSniperWolf,WEIRD Food Combinations People LOVE! (EATING GROSS DIY FOOD),https://www.youtube.com/watch?v=IjiFh3_vxbE,1993
26,Howto & Style,UCD9PZYV5heAevh9vrsYmt1g,United States,12718658,40430,,https://yt3.ggpht.com/a-/AN66SAwXy0HiUsfoSceQTjrS2k0PZWoxq-3NfOpUlQ=s88-mo-c-c0xffffffff-rj-k-no,http://www.youtube.com/channel/UCD9PZYV5heAevh9vrsYmt1g,Wengie,10 Pranks For Back To School! Prank Wars!,https://www.youtube.com/watch?v=6q7FCKuGj6Q,212
24,Entertainment,UCX52tYZiEh_mHoFja3Veciw,India,15031520,39140,,https://yt3.ggpht.com/a-/AN66SAxE-kGrCx-nNtM09Q7vRSMlGOX9dJdlFc0wWQ=s88-mo-c-c0xffffffff-rj-k-no,http://www.youtube.com/channel/UCX52tYZiEh_mHoFja3Veciw,Eros Now,SMOKE Episode 1 | An Eros Now Original Series | Watch All Episodes On Eros Now,https://www.youtube.com/watch?v=jqW3d76HYNI,9890
22,People & Blogs,UC-SV8-bUJfXjrRMnp7F8Wzw,United States,14990695,41498,,https://yt3.ggpht.com/a-/AN66SAyRHwUD70OTw7CSOngbC1fsGn4xx8DJDeoYOQ=s88-mo-c-c0xffffffff-rj-k-no,http://www.youtube.com/channel/UC-SV8-bUJfXjrRMnp7F8Wzw,RomanAtwoodVlogs,Our Dream Wedding!!,https://www.youtube.com/watch?v=FhId1AHmZZ0,1561
24,Entertainment,UCG8rbF3g2AMX70yOd8vqIZg,United States,18598950,42245,,https://yt3.ggpht.com/a-/AN66SAwruqLnzpt4no87PNh08uLQw6zMSTrOfrOr8A=s88-mo-c-c0xffffffff-rj-k-no,http://www.youtube.com/channel/UCG8rbF3g2AMX70yOd8vqIZg,Logan Paul Vlogs,THE THINNING: NEW WORLD ORDER,https://www.youtube.com/watch?v=BGoYFpHG0lg,572
10,Music,UC22nIfOTM7KLIQuFGMKzQbg,India,18280457,41941,,https://yt3.ggpht.com/a-/AN66SAxjgMJakzi6iC_a9BOfv_uUmD4xVGoRw4v9bQ=s88-mo-c-c0xffffffff-rj-k-no,http://www.youtube.com/channel/UC22nIfOTM7KLIQuFGMKzQbg,Wave Music,माँ बेटे का बहुत दर्द भरा छठ गीत 2018 - कुछ ना होई हमर माई के - Babua Nitish - Bhojpuri Chhath Geet,https://www.youtube.com/watch?v=heZpc1W_v-I,16794
26,Howto & Style,UCWRV5AVOlKJR1Flvgt310Cw,Great-Britain,11979930,39115,,https://yt3.ggpht.com/a-/AN66SAyu8yJdhl5-IrTvtfjSQ-QGnwIbTBPHxRPmOw=s88-mo-c-c0xffffffff-rj-k-no,http://www.youtube.com/channel/UCWRV5AVOlKJR1Flvgt310Cw,Zoella,Ultimate Pizza Taste Test With Mark | Zoella,https://www.youtube.com/watch?v=xSGu_Ervro0,377
24,Entertainment,UCmL1WlDI8UkXDXCXcBQN9CA,India,11822106,40107,,https://yt3.ggpht.com/a-/AN66SAxvNAk2hJA63VOg8yT0nu23Z94ZNHQCKbIX=s88-mo-c-c0xffffffff-rj-k-no,http://www.youtube.com/channel/UCmL1WlDI8UkXDXCXcBQN9CA,Ultra Bollywood,Govinda Title Song Rangeela Raja | Benny Dayal | Pahlaj Nihalani | Ishwar Kumar,https://www.youtube.com/watch?v=w-R89G8k7O8,10699
24,Entertainment,UCstEtN0pgOmCf02EdXsGChw,Philippines,13667378,39645,,https://yt3.ggpht.com/a-/AN66SAwzsJ3RYlMJYwT2v9F2_PTY99eZl5lLfUwkKQ=s88-mo-c-c0xffffffff-rj-k-no,http://www.youtube.com/channel/UCstEtN0pgOmCf02EdXsGChw,ABS-CBN Entertainment,Ngayon At Kailanman Recap: Dom and Inno's competition to win Eva's heart,https://www.youtube.com/watch?v=HYo523HejIc,106142
24,Entertainment,UCrFiA0hztL9e8zTi_qBuW4w,United States,13428827,41352,,https://yt3.ggpht.com/a-/AN66SAyZ1_ytdXM07YLIdb2gE_6jVqQUiShopwu6bw=s88-mo-c-c0xffffffff-rj-k-no,http://www.youtube.com/channel/UCrFiA0hztL9e8zTi_qBuW4w,EeOneGuy,МОЕ ПРОИСХОЖДЕНИЕ  | ДНК ТЕСТ,https://www.youtube.com/watch?v=D8lbsqBiU30,315
1,Film and Animation,UCyoXW-Dse7fURq30EWl_CUA,India,16658705,40929,,https://yt3.ggpht.com/a-/AN66SAwPjWeaCOpKmgErJ5a5WTPGtRX4rI6iaOl_eA=s88-mo-c-c0xffffffff-rj-k-no,http://www.youtube.com/channel/UCyoXW-Dse7fURq30EWl_CUA,Goldmines Telefilms,"Meri Awargi (Paruthiveeran) 2018 New Released Hindi Dubbed Full Movie | Karthi, Priyamani",https://www.youtube.com/watch?v=EFNKX1_bjdU,308
10,Music,UCq3Ci-h945sbEYXpVlw7rJg,United States,16603879,41174,,https://yt3.ggpht.com/a-/AN66SAwDHvvZTueffT1EsWElBgmvBY-MZnycQdLmNw=s88-mo-c-c0xffffffff-rj-k-no,http://www.youtube.com/channel/UCq3Ci-h945sbEYXpVlw7rJg,The Chainsmokers,The Chainsmokers - This Feeling (Lyric Video) ft. Kelsea Ballerini,https://www.youtube.com/watch?v=YuPzpoC3QNc,137
17,Sports,UCVtFOytbRpEvzLjvqGG5gxQ,Great-Britain,19752270,40019,,https://yt3.ggpht.com/a-/AN66SAwCva9c7oWcHm7ZDHQecWHEly0oPhE5T2s5Vw=s88-mo-c-c0xffffffff-rj-k-no,http://www.youtube.com/channel/UCVtFOytbRpEvzLjvqGG5gxQ,KSI,KSI - ON POINT (LOGAN PAUL DISS TRACK),https://www.youtube.com/watch?v=TofmKTHkAGE,1169
20,Gaming,UCAW-NpUFkMyCNrvRSSGIvDQ,United States,19645222,40858,,https://yt3.ggpht.com/a-/AN66SAwl_LnL7rCVjo6Sb4Yfep6IoBo8eQLy47s-QA=s88-mo-c-c0xffffffff-rj-k-no,http://www.youtube.com/channel/UCAW-NpUFkMyCNrvRSSGIvDQ,Ninja,The God Squad is Back With The *NEW* Dante and Rosa Skins!!,https://www.youtube.com/watch?v=chjjGMAC0Tk,773
1,Film and Animation,UCDLmS9vkPcTz3cAc-c9QIzg,United States,8264999,40790,,https://yt3.ggpht.com/a-/AN66SAy8WA3UfsBVIEHlVJOjbdMbNGbYWJLKBt0JuA=s88-mo-c-c0xffffffff-rj-k-no,http://www.youtube.com/channel/UCDLmS9vkPcTz3cAc-c9QIzg,Tanner Fox,IT'S FINALLY DONE! (GUACZILLA 2.0 REVEAL),https://www.youtube.com/watch?v=JcgvQSZyMi4,1007
23,Comedy,UC7eHZXheF8nVOfwB2PEslMw,India,8258762,40000,,https://yt3.ggpht.com/a-/AN66SAwzgSJ9O7ykk1ThBC10D2zlhQXOeTFLvcTnow=s88-mo-c-c0xffffffff-rj-k-no,http://www.youtube.com/channel/UC7eHZXheF8nVOfwB2PEslMw,ashish chanchlani vines,Baap Bijli Aur Bill Ft. Shahid Kapoor | Ashish Chanchlani,https://www.youtube.com/watch?v=KEHV90TfFm8,121
20,Gaming,UCC-RHF_77zQdKcA75hr5oTQ,United States,8736885,41418,,https://yt3.ggpht.com/a-/AN66SAwt64YgSvjFwjKe2XZ5ooZkVrHokVKCkOINyA=s88-mo-c-c0xffffffff-rj-k-no,http://www.youtube.com/channel/UCC-RHF_77zQdKcA75hr5oTQ,FGTeeV,BENDY & the INK MACHINE Chapter 5! The END of FGTEEV + BENDY! (Secrets on the Wall),https://www.youtube.com/watch?v=di3QHoYCEF4,1185
10,Music,UCe4LM_eKc9ywRmVuBm5pjQg,United States,8680837,39066,,https://yt3.ggpht.com/a-/AN66SAweXFpeM2xUeRb0vbB_VagM0SQthmyOaB3L5Q=s88-mo-c-c0xffffffff-rj-k-no,http://www.youtube.com/channel/UCe4LM_eKc9ywRmVuBm5pjQg,Atlantic Records,Nikki Vianna - Done (Performance Video),https://www.youtube.com/watch?v=mWqXHg7w_eY,1051
10,Music,UCNhqvQMXIgRfjAGmxQqdNRw,Saudi Arabia,9112841,40918,,https://yt3.ggpht.com/a-/AN66SAx622JiX3uk7pGT61rcEw11h7D3GayTvZ5bGg=s88-mo-c-c0xffffffff-rj-k-no,http://www.youtube.com/channel/UCNhqvQMXIgRfjAGmxQqdNRw,Rotana,Assala ... El Haqiqa - Lyrics Video | أصالة ... الحقيقة - بالكلمات,https://www.youtube.com/watch?v=Yaif4LT-IqE,5711
17,Sports,UCKvn9VBLAiLiYL4FFJHri6g,Great-Britain,9073178,40642,,https://yt3.ggpht.com/a-/AN66SAzX9rQ6exaKJN4qqDtCdeJLHSin1uwZUYSg_Q=s88-mo-c-c0xffffffff-rj-k-no,http://www.youtube.com/channel/UCKvn9VBLAiLiYL4FFJHri6g,F2Freestylers - Ultimate Soccer Skills Channel,INSANE FOOTBALL/SOCCER TRICK SHOTS | F2FREESTYLERS,https://www.youtube.com/watch?v=ZTi-Tn2naY8,566
